{
  "dense": {
    "mode": "dense",
    "answer_ppl": 13.205506196422766,
    "answer_acc": 0.4285714328289032,
    "answer_exact_match": false,
    "forward_sec": 15.976080299820751,
    "tokens_per_sec": 512.7039828469003,
    "seq_len": 8191,
    "answer_len": 21
  },
  "ptd": {
    "mode": "ptd",
    "keep_rate": 0.7,
    "answer_ppl_selected": 13.172416709211404,
    "answer_ppl_full": 13.172416709211404,
    "answer_acc_selected": 0.4285714328289032,
    "answer_acc_full": 0.4285714328289032,
    "answer_exact_match_full": false,
    "forward_sec": 0.5434302999638021,
    "tokens_per_sec": 15072.770142823472,
    "seq_len": 8191,
    "answer_len": 21,
    "max_cuda_alloc_mb": 9410.61474609375,
    "max_cuda_reserved_mb": 9556.0
  }
}