{
  "mode": "ptd",
  "answer_ppl_selected": 13.172416709211404,
  "answer_ppl_full": 13.172416709211404,
  "seq_len": 8191,
  "answer_len": 21,
  "keep_rate": 0.7,
  "forward_sec": 0.5115003001410514,
  "tokens_per_sec": 16013.675842890509,
  "max_cuda_alloc_mb": 1306.86328125,
  "max_cuda_reserved_mb": 1470.0
}